Method,Params,Training,L1,RMSE,PSNR
SRResNet,1.53M,3DGS,0.002278927137421863,0.0047231723621562706,46.515323914887006
UNet+Normal (ours),7.78M,3DGS,0.0022792272863534184,0.004752465555835865,46.461620248946566
UNet (ours),7.77M,3DGS,0.0023162135337262825,0.004888663467566653,46.21619698345171
EDSR-light,1.52M,3DGS,0.0024085297373794886,0.004986438733700734,46.044190077068556
Bicubic (no model),-,-,0.0033234147266520894,0.008269720312565936,41.65018350303441
DORNet (NYU zero-shot),3.05M,NYU bicubic,0.003367991276922845,0.007820148462810338,42.135699967615324
SGNet (RGB-guided),9.22M,3DGS,0.003518200150055652,0.007023051796244551,43.06948248342074
SwinIR-tiny,0.23M,3DGS,0.08560938871819382,0.2526443024358142,11.949809828010574
