method,L1,RMSE,PSNR_dB
Nearest-8bit,0.0025888506951200407,0.011119344069571921,39.111826565999856
Bicubic-8bit,0.0013365595734158402,0.005496760066815241,45.29018263343874
Nearest-16bit,0.002532485957336865,0.011099524009077585,39.127479945105
Bicubic-16bit,0.0012524747068618331,0.005467675788717908,45.33781726388011
UNet-8bit,0.0008662861574246267,0.003026200717408932,50.66489152646491
UNet-8bit+N,0.0008484230698501446,0.002932960793823581,50.94187297528116
UNet-16bit,0.0007723345614828949,0.0029276710575764147,50.97491398306771
UNet-16bit+N,0.0007527417030867709,0.00286499078497435,51.166821080586466
UNet-legacy,0.0010032017594347744,0.003445596139979108,49.536762829081134
