,test_bicubic,test_bicubic_noise,test_bicubic_q8,test_render,test_render_q8
train_bicubic,0.002370029570112481,0.012174478609317033,0.0025799092177893647,0.0027380806277506053,0.002929888411638031
train_bicubic_noise,0.005105265374692489,0.005310690598995533,0.0050954683395030426,0.005502114469517571,0.00548985437490046
train_bicubic_q8,0.002391518738893287,0.011872531052014624,0.002499017939819817,0.0028373052211759916,0.0029045072593545727
train_render,0.003423393205847851,0.017219052455106448,0.003736401399121035,0.0021349888483546096,0.0025193792733529856
train_render_q8,0.003301593711935417,0.016289235951826554,0.003498199732898366,0.0023307858843558517,0.0025111298052442454
