,test_bicubic,test_bicubic_noise,test_bicubic_q8,test_render,test_render_q8
train_bicubic,44.550366944873296,35.76367256273575,44.462357245224695,43.19317979405611,43.12762220966001
train_bicubic_noise,41.16914071343801,40.92032683212789,41.1737486773235,40.44652431995661,40.45206008286516
train_bicubic_q8,44.60712248957585,35.9963477212729,44.54648978779106,43.30119820680587,43.263862074356965
train_render,40.47339503796672,32.69627445289436,40.39974867738486,46.16908189224362,45.89311206085861
train_render_q8,40.587496946331854,33.17081214754204,40.5385645944786,45.65393383780615,45.51587979468107
