method,L1,RMSE,PSNR,SSIM
Nearest-8bit,0.0025888507,0.011119343,39.111826609812454,0.9817243404125572
Bicubic-8bit,0.0013365595,0.00549676,45.290182568024456,0.9929459091505701
Nearest-16bit,0.0025324859,0.011099525,39.12747995805906,0.9820224627102089
Bicubic-16bit,0.0012524747,0.0054676756,45.33781723448972,0.9931366438825217
UNet-8bit-ch32,0.00086628617,0.0030262007,50.66489151844823,0.996549177256413
UNet-8bit_ch32_normal_w050_dsine,0.00084842305,0.0029329606,50.94187298817216,0.9967074232611884
UNet-16bit-ch32,0.0007723346,0.0029276712,50.97491393838873,0.9968389127462486
UNet-16bit_ch32_normal_w050_dsine,0.00075274176,0.0028649906,51.166821108273716,0.9969485073316606
UNet-legacy,0.0010032017,0.0034455962,49.53676283215552,0.9956345733199641
