sample,Bicubic_gSSIM,Bicubic_gL1,Bicubic_PSNR,UNet_gSSIM,UNet_gL1,UNet_PSNR,UNet+DSINE_gSSIM,UNet+DSINE_gL1,UNet+DSINE_PSNR,EDSR_gSSIM,EDSR_gL1,EDSR_PSNR,SRResNet_gSSIM,SRResNet_gL1,SRResNet_PSNR,gap_UNet_vs_SGNet,gap_UNet_vs_SRResNet,gap_UNet_vs_EDSR,showcase_score
1 (100)_face,0.9309783244527077,0.019346988,39.6330997684841,0.9590856147085803,0.013426794,42.69603116099767,0.9604290781440802,0.013087416,43.02909377975293,0.9571291420294465,0.013808781,42.675431628945795,0.9602800673930083,0.013091521,43.15268635126099,0.0,-0.0011944526844279713,0.0019564726791337916,0.0003810099973529102
